Siret,Nom,Code NAF,Tranche Effectifs,Adresse,Téléphone
50421369500019,SAGEB,52.23Z,32,AEROPORT DE BEAUVAIS 60000 TILLE,03 44 11 46 66
45164790300637,BRICO DEPOT,47.52B,21,RUE PIERRE ET MARIE CURIE 60000 BEAUVAIS,03 44 12 38 38
41040946001770,AUCHAN HYPERMARCHE,47.11F,32,1 AVENUE DESCARTES 60000 BEAUVAIS,03 44 02 85 00
43339204000013,CEPL BEAUVAIS,82.92Z,21,32 RUE DE L'INDUSTRIE 60000 BEAUVAIS,03 44 11 44 00
84224073100021,ASSIST'AIR PICARDIE,52.23Z,21,23 RUE DES MAGNOLIAS 60000 TILLE,03 44 11 49 10
38274520600013,LUDIVAN,47.11F,22,40 AVENUE DU 8 MAI 1945 60000 BEAUVAIS,03 44 05 50 35
41962941500011,BEAUVAIS DIS,47.11F,22,AVENUE NELSON MANDELA 60000 BEAUVAIS,03 44 45 44 15
33119172600016,TILGUIT,47.11F,22,RN31 60000 GOINCOURT,03 44 45 34 34
52919230400135,DISPEO,52.10B,31,RUE HIPPOLYTE BAYARD 60000 BEAUVAIS,03 44 06 46 83
